utc,phys_avail_gb,commit_used_gb,commit_limit_gb,python_ws_mb,git_ws_mb
2026-09-20T19:02:25Z,2.45,26.30,31.79,23,0
2026-09-20T19:02:56Z,2.51,26.47,31.79,96,0
2026-09-20T19:03:27Z,2.36,26.45,31.79,95,5
2026-09-20T19:03:58Z,3.19,25.64,31.79,95,0
2026-09-20T19:04:29Z,3.26,25.59,31.79,95,0
2026-09-20T19:05:00Z,2.86,25.92,31.79,102,0
2026-09-20T19:05:31Z,2.34,26.30,31.79,95,9
2026-09-20T19:06:02Z,2.64,26.21,31.79,95,0
2026-09-20T19:06:33Z,2.45,26.14,31.79,103,0
2026-09-20T19:07:04Z,2.68,26.00,31.79,96,2
2026-09-20T19:07:34Z,2.55,26.04,31.79,103,0
2026-09-20T19:08:05Z,2.60,26.05,31.79,96,0
2026-09-20T19:08:36Z,2.93,25.79,31.79,103,0
2026-09-20T19:09:07Z,2.88,25.87,31.79,96,8
2026-09-20T19:09:38Z,2.83,25.94,31.79,96,2
2026-09-20T19:10:09Z,2.88,25.80,31.79,96,2
2026-09-20T19:10:40Z,2.89,25.82,31.79,96,9
2026-09-20T19:11:11Z,2.88,25.80,31.79,96,0
2026-09-20T19:11:42Z,2.94,25.73,31.79,96,2
2026-09-20T19:12:13Z,2.94,25.67,31.79,96,2
2026-09-20T19:12:44Z,2.84,25.75,31.79,96,0
2026-09-20T19:13:14Z,2.98,25.63,31.79,99,5
2026-09-20T19:13:45Z,3.05,25.60,31.79,99,2
2026-09-20T19:14:16Z,3.07,25.52,31.79,102,2
2026-09-20T19:14:47Z,3.01,25.60,31.79,103,3
2026-09-20T19:15:18Z,3.02,25.57,31.79,103,0
2026-09-20T19:15:49Z,2.99,25.58,31.79,107,2
2026-09-20T19:16:20Z,3.03,25.53,31.79,109,0
2026-09-20T19:16:51Z,2.92,25.61,31.79,155,0
2026-09-20T19:17:22Z,2.81,25.68,31.79,108,2
2026-09-20T19:17:52Z,3.01,25.63,31.79,107,3
2026-09-20T19:18:23Z,3.14,25.63,31.79,107,0
2026-09-20T19:18:54Z,3.09,25.63,31.79,108,0
2026-09-20T19:19:25Z,3.14,25.65,31.79,115,3
2026-09-20T19:19:56Z,3.11,25.69,31.79,112,2
2026-09-20T19:20:27Z,3.16,25.64,31.79,112,2
2026-09-20T19:20:58Z,3.16,25.64,31.79,112,2
2026-09-20T19:21:29Z,3.13,25.69,31.79,112,2
2026-09-20T19:22:00Z,3.17,25.59,31.79,114,2
2026-09-20T19:22:30Z,3.16,25.61,31.79,114,2
2026-09-20T19:23:01Z,3.27,25.64,31.79,112,8
2026-09-20T19:23:32Z,3.31,25.68,31.79,112,2
2026-09-20T19:24:03Z,3.28,25.65,31.79,112,11
2026-09-20T19:24:34Z,3.27,25.66,31.79,119,0
2026-09-20T19:25:05Z,3.26,25.69,31.79,112,2
2026-09-20T19:25:36Z,3.29,25.62,31.79,112,2
2026-09-20T19:26:07Z,3.20,25.73,31.79,112,0
2026-09-20T19:26:38Z,3.22,25.69,31.79,117,0
2026-09-20T19:27:08Z,3.20,25.70,31.79,118,0
2026-09-20T19:27:39Z,3.19,25.72,31.79,118,9
2026-09-20T19:28:10Z,3.21,25.67,31.79,119,8
2026-09-20T19:28:41Z,3.22,25.71,31.79,120,0
2026-09-20T19:29:12Z,3.14,25.67,31.79,119,0
2026-09-20T19:29:43Z,3.12,25.74,31.79,119,2
2026-09-20T19:30:14Z,3.20,25.70,31.79,119,2
2026-09-20T19:30:45Z,3.20,25.69,31.79,119,4
2026-09-20T19:31:15Z,3.21,25.66,31.79,118,0
2026-09-20T19:31:46Z,3.13,25.76,31.79,120,2
2026-09-20T19:32:17Z,3.19,25.70,31.79,119,0
2026-09-20T19:32:48Z,3.13,25.77,31.79,119,0
2026-09-20T19:33:19Z,3.12,25.71,31.79,119,9
2026-09-20T19:33:50Z,3.11,25.73,31.79,126,0
2026-09-20T19:34:21Z,3.14,25.71,31.79,119,8
2026-09-20T19:34:52Z,3.13,25.73,31.79,118,6
2026-09-20T19:35:23Z,3.14,25.74,31.79,120,0
2026-09-20T19:35:53Z,3.16,25.69,31.79,120,5
2026-09-20T19:36:24Z,3.15,25.69,31.79,120,2
2026-09-20T19:36:55Z,3.14,25.73,31.79,118,2
2026-09-20T19:37:26Z,3.10,25.74,31.79,119,3
2026-09-20T19:37:57Z,3.11,25.72,31.79,119,0
2026-09-20T19:38:28Z,3.15,25.77,31.79,118,9
2026-09-20T19:38:59Z,3.14,25.79,31.79,118,2
2026-09-20T19:39:30Z,3.11,25.77,31.79,121,0
2026-09-20T19:40:01Z,3.08,25.80,31.79,121,2
